{
 "anisn_library": {
  "n_groups": [
   17332000.0, 
   14191000.0, 
   12214000.0, 
   10000000.0, 
   8607100.0, 
   7408200.0, 
   6065300.0, 
   4965900.0, 
   3678800.0, 
   3011900.0, 
   2725300.0, 
   2466000.0, 
   2365300.0, 
   2345700.0, 
   2231300.0, 
   1920500.0, 
   1653000.0, 
   1353400.0, 
   1002600.0, 
   820850.0, 
   742740.0, 
   608100.0, 
   497870.0, 
   368830.0, 
   297210.0, 
   183160.0, 
   111090.0, 
   67379.0, 
   40868.0, 
   31828.0, 
   26058.0, 
   24176.0, 
   21875.0, 
   15034.0, 
   7101.7, 
   3354.6, 
   1584.6, 
   454.0, 
   214.45, 
   101.3, 
   37.266, 
   10.677, 
   5.0435, 
   1.8554, 
   0.87643, 
   0.41399, 
   0.1, 
   1e-05
  ], 
  "upscatter": false
 }, 
 "mesh": {
  "x": [
   -5.0, 
   -4.5, 
   -4.0, 
   -3.5, 
   -3.0, 
   -2.5, 
   -2.0, 
   -1.5, 
   -1.0, 
   -0.5, 
   0.0, 
   0.5, 
   1.0, 
   1.5, 
   2.0, 
   2.5, 
   3.0, 
   3.5, 
   4.0, 
   4.5, 
   5.0, 
   5.5, 
   6.0, 
   6.5, 
   7.0, 
   7.5, 
   8.0, 
   8.5, 
   9.0, 
   9.5, 
   10.0, 
   10.5, 
   11.0, 
   11.5, 
   12.0, 
   12.5, 
   13.0, 
   13.5, 
   14.0, 
   14.5, 
   15.0
  ], 
  "y": [
   -10.0, 
   -9.5, 
   -9.0, 
   -8.5, 
   -8.0, 
   -7.5, 
   -7.0, 
   -6.5, 
   -6.0, 
   -5.5, 
   -5.0, 
   -4.5, 
   -4.0, 
   -3.5, 
   -3.0, 
   -2.5, 
   -2.0, 
   -1.5, 
   -1.0, 
   -0.5, 
   0.0, 
   0.5, 
   1.0, 
   1.5, 
   2.0, 
   2.5, 
   3.0, 
   3.5, 
   4.0, 
   4.5, 
   5.0, 
   5.5, 
   6.0, 
   6.5, 
   7.0, 
   7.5, 
   8.0, 
   8.5, 
   9.0, 
   9.5, 
   10.0
  ], 
  "z": [
   -10.0, 
   -9.5, 
   -9.0, 
   -8.5, 
   -8.0, 
   -7.5, 
   -7.0, 
   -6.5, 
   -6.0, 
   -5.5, 
   -5.0, 
   -4.5, 
   -4.0, 
   -3.5, 
   -3.0, 
   -2.5, 
   -2.0, 
   -1.5, 
   -1.0, 
   -0.5, 
   0.0, 
   0.5, 
   1.0, 
   1.5, 
   2.0, 
   2.5, 
   3.0, 
   3.5, 
   4.0, 
   4.5, 
   5.0, 
   5.5, 
   6.0, 
   6.5, 
   7.0, 
   7.5, 
   8.0, 
   8.5, 
   9.0, 
   9.5, 
   10.0
  ]
 }, 
 "raw_advantg_options": {
  "denovo_discretization": "sc", 
  "denovo_energy_sets": 1, 
  "denovo_first_group": null, 
  "denovo_hdf5_angles": false, 
  "denovo_krylov_space": 20, 
  "denovo_last_group": null, 
  "denovo_max_iterations": 100, 
  "denovo_mc_first_collision": false, 
  "denovo_partition_upscatter": true, 
  "denovo_pn_order": 5, 
  "denovo_preconditioner": "none", 
  "denovo_quad_num_azi": 4, 
  "denovo_quad_num_polar": 4, 
  "denovo_quad_polar_axis": "z", 
  "denovo_quadrature": "qr", 
  "denovo_silo_mixed": false, 
  "denovo_silo_moments": false, 
  "denovo_solver": "gmres", 
  "denovo_tolerance": 0.001, 
  "denovo_transport_correction": "diagonal", 
  "denovo_verbose": true, 
  "denovo_x_blocks": 7, 
  "denovo_y_blocks": 4, 
  "denovo_z_blocks": 1
 }
}